INSERT INTO books (id, title) VALUES
(1, '必修一'),
(2, '必修二'),
(3, '选修一'),
(4, '选修二'),
(5, '选修三');

INSERT INTO chapters (id, book_id, parent_id, title, level) VALUES
(11, 1, NULL, '第一章 集合与常用逻辑用语', 1),
(111, 1, 11, '1.1 集合的概念', 2),
(112, 1, 11, '1.2 集合间的基本关系', 2),
(113, 1, 11, '1.3 集合的基本运算', 2),
(114, 1, 11, '1.4 充分条件与必要条件', 2),
(115, 1, 11, '1.5 全称量词与存在量词', 2),
(1100, 1, 11, '小结', 2),

(12, 1, NULL, '第二章 一元二次函数、方程和不等式', 1),
(121, 1, 12, '2.1 等式性质与不等式性质', 2),
(122, 1, 12, '2.2 基本不等式', 2),
(123, 1, 12, '2.3 二次函数与一元二次方程、不等式', 2),
(1200, 1, 12, '小结', 2),

(13, 1, NULL, '第三章 函数的概念与性质', 1),
(131, 1, 13, '3.1 函数的概念及其表示', 2),
(132, 1, 13, '3.2 函数的基本性质', 2),
(133, 1, 13, '3.3 幂函数', 2),
(134, 1, 13, '3.4 函数的应用（一）', 2),
(1300, 1, 13, '小结', 2),

(14, 1, NULL, '第四章 指数函数与对数函数', 1),
(141, 1, 14, '4.1 指数', 2),
(142, 1, 14, '4.2 指数函数', 2),
(143, 1, 14, '4.3 对数', 2),
(144, 1, 14, '4.4 对数函数', 2),
(145, 1, 14, '4.5 函数的应用（二）', 2),
(1400, 1, 14, '小结', 2),

(15, 1, NULL, '第五章 三角函数', 1),
(151, 1, 15, '5.1 任意角和弧度制', 2),
(152, 1, 15, '5.2 三角函数的概念', 2),
(153, 1, 15, '5.3 诱导公式', 2),
(154, 1, 15, '5.4 三角函数的图像与性质', 2),
(155, 1, 15, '5.5 三角恒等变换', 2),
(156, 1, 15, '5.6 函数y=Asin(wx+φ)', 2),
(157, 1, 15, '5.7 三角函数的应用', 2),
(1500, 1, 15, '小结', 2),

(26, 2, NULL, '第六章 平面向量及其应用', 1),
(261, 2, 26, '6.1 平面向量的概念', 2),
(262, 2, 26, '6.2 平面向量的基本运算', 2),
(263, 2, 26, '6.3 平面向量的基本定理及坐标表示', 2),
(264, 2, 26, '6.4 平面向量的应用', 2),
(2600, 2, 26, '小结', 2),

(27, 2, NULL, '第七章 平面向量及其应用', 1),
(271, 2, 27, '7.1 复数的概念', 2),
(272, 2, 27, '7.2 复数的四则运算', 2),
(273, 2, 27, '7.3* 复数的三角表示', 2),
(2700, 2, 27, '小结', 2),

(28, 2, NULL, '第八章 立体几何初步', 1),
(281, 2, 28, '8.1 基本立体图形', 2),
(282, 2, 28, '8.2 立体图形的直观图', 2),
(283, 2, 28, '8.3 简单几何体的表面积与体积', 2),
(284, 2, 28, '8.4 空间点、直线、平面之间的位置关系', 2),
(285, 2, 28, '8.5 空间直线、平面的平行', 2),
(286, 2, 28, '8.6 空间直线、平面的垂直', 2),
(2800, 2, 28, '小结', 2),

(29, 2, NULL, '第九章 统计', 1),
(291, 2, 29, '9.1 随机抽样', 2),
(292, 2, 29, '9.2 用样本估计总体', 2),
(293, 2, 29, '9.3 统计案例 公司员工的肥胖情况调查分析', 2),
(2900, 2, 29, '小结', 2),

(210, 2, NULL, '第十章 概率', 1),
(2101, 2, 210, '10.1 随机事件与概率', 2),
(2102, 2, 210, '10.2 事件的相互独立性', 2),
(2103, 2, 210, '10.3 频率与概率', 2),
(21000, 2, 210, '小结', 2);

(31, 3, NULL, '第一章 空间向量与立体几何', 1),
(311, 3, 31, '1.1 空间向量及其运算', 2),
(312, 3, 31, '1.2 空间向量基本定理', 2),
(313, 3, 31, '1.3 空间向量及其运算的坐标表示', 2),
(314, 3, 31, '1.4 空间向量的应用', 2),
(3100, 3, 31, '小结', 2),

(32, 3, NULL, '第二章 直线和圆的方程', 1),
(321, 3, 32, '2.1 直线的倾斜角与斜率', 2),
(322, 3, 32, '2.2 直线的方程', 2),
(323, 3, 32, '2.3 直线的交点坐标与距离公式', 2),
(324, 3, 32, '2.4 圆的方程', 2),
(325, 3, 32, '2.5 直线与圆、圆与圆的位置关系', 2),
(3200, 3, 32, '小结', 2),

(33, 3, NULL, '第三章 圆锥曲线的方程', 1),
(331, 3, 33, '3.1 椭圆', 2),
(332, 3, 33, '3.2 双曲线', 2),
(333, 3, 33, '3.3 抛物线', 2),
(3300, 3, 33, '小结', 2);

(44, 4, NULL, '第四章 数列', 1),
(441, 4, 44, '4.1 数列的概念', 2),
(442, 4, 44, '4.2 等差数列', 2),
(443, 4, 44, '4.3 等比数列', 2),
(444, 4, 44, '4.4* 数学归纳法', 2),
(4400, 4, 44, '小结', 2),

(45, 4, NULL, '第五章 一元函数的导数及其应用', 1),
(451, 4, 45, '5.1 导数的概念及其意义', 2),
(452, 4, 45, '5.2 导数的运算', 2),
(453, 4, 45, '5.3 导数在研究函数中的应用', 2),
(4500, 4, 45, '小结', 2),

(56, 5, NULL, '第六章 计数原理', 1),
(561, 5, 56, '6.1 分类加法计数原理与分步乘法计数原理', 2),
(562, 5, 56, '6.2 排列与组合', 2),
(563, 5, 56, '6.3 二项式定理', 2),
(564, 5, 56, '数学探究 杨辉三角的性质与应用', 2),
(5600, 5, 56, '小结', 2),

(57, 5, NULL, '第七章 随机变量及其分布', 1),
(571, 5, 57, '7.1 条件概率与全概率公式', 2),
(572, 5, 57, '7.2 离散型随机变量及分布列', 2),
(573, 5, 57, '7.3 离散型随机变量的数字特征', 2),
(574, 5, 57, '7.4 二项分布与正态分布', 2),
(575, 5, 57, '7.5 正态分布', 2),
(5700, 5, 57, '小结', 2),

(58, 5, NULL, '第八章 成对数据的统计分析', 1),
(581, 5, 58, '8.1 成对数据的统计相关性', 2),
(582, 5, 58, '8.2 一元线性回归模型及其应用', 2),
(583, 5, 58, '8.3 列联表与独立性检验', 2),
(5800, 5, 58, '小结', 2);

INSERT INTO menus (id, `key`, label) VALUES
(1, 'userInfo', '我的账号'),
(2, 'userNote', '我的笔记'),
(3, 'materialManagement', '教材管理'),
(4, 'exerciseManagement', '习题管理'),
(5, 'noteManagement', '笔记管理'),
(6, 'userManagement','用户管理'),
(7, 'dqManagement', '每日一题管理');

INSERT INTO role_menu (id, role, menu_id) VALUES
(1, 'USER', 1),
(2, 'USER', 2),
(3, 'ADMIN', 1),
(4, 'ADMIN', 2),
(5, 'ADMIN', 3),
(6, 'ADMIN', 4),
(7, 'ADMIN', 5),
(8, 'ADMIN', 6),
(9, 'ADMIN', 7);
